{"TabUnfocusedActive":[0,0,0,0],"PlotLines":[0,0,0,0],"FrameBgHovered":[11,117,169,0.85098040103912],"CheckMarkFalseDisabled":[0.48,0.39,0.4,1],"HeaderActive":[16,130,206,1],"Text":[255,255,255,0.69999998807907],"ScrollbarGrab":[145.35,43.35,40.79,1],"TitleBgCollapsed":[7.35,59.41,90.85,0.25],"DragDropTarget":[0,0,0,0],"CheckMark":[24.87,198.21,179.27,1],"NavWindowingHighlight":[0,0,0,0],"ButtonActive":[11,117,169,0.85098040103912],"ResizeGrip":[175.72,186.86,23.45,0],"ButtonHovered":[79.22,156.78,241.57,0.75],"TabUnfocused":[0,0,0,0],"SliderGrab":[0,0,0,0],"ScrollbarGrabHovered":[145.35,43.35,40.79,1],"MenuBarBg":[0,0,0,0],"TextDisabled":[0.48,0.39,0.4,1],"PopupBg":[15.3,10.19,15.3,0.8],"PlotLinesHovered":[0,0,0,0],"DockingPreview":[0,0,0,0],"BorderShadow":[0,0,0,0],"HeaderHovered":[79,157,242,0.74901962280273],"TextColored":[18.97,148.02,234.35,1],"FrameBgDisabled":[0.48,0.39,0.4,1],"PlotHistogram":[0,0,0,0],"PlotHistogramHovered":[0,0,0,0],"ModalWindowDarkening":[0,0,0,0],"FrameBgActive":[11,117,169,0.85098040103912],"DockingEmptyBg":[0,0,0,0],"ResizeGripHovered":[174.39,228.15,121.93,0.5],"TitleBg":[8.65,34.01,46.45,0.85098040103912],"TabHovered":[79,157,242,0.74901962280273],"TitleBgActive":[10.99,136.37,169,0.85098040103912],"Header":[10.96,117.39,169.31,0.85000002384186],"ResizeGripActive":[239.95,244.67,195.14,1],"Border":[15.99,220,123.36,0.40000000596046],"Separator":[1,1,1,0.1],"FrameBgHoveredDisabled":[0.48,0.39,0.4,1],"NavWindowingDimBg":[0,0,0,0],"SeparatorActive":[0.28,0.77,0.79,1],"ScrollbarGrabActive":[145.35,43.35,40.79,1],"FrameBgActiveDisabled":[0.48,0.39,0.4,1],"TabActive":[16,129.84,206,1],"WindowBg":[0,0,0,0.85000002384186],"Tab":[11.99,97.34,182,0.55000001192093],"SeparatorHovered":[0.28,0.77,0.79,1],"CheckMarkTrueDisabled":[0.34,0.22,0.24,1],"NavHighlight":[0,0,0,0],"ModalWindowDimBg":[0,0,0,0],"ChildBg":[15.3,10.19,15.3,0.9],"TextSelectedBg":[0,0,0,0],"ScrollbarBg":[15.3,10.19,15.3,0],"FrameBg":[43.86,78.37,109.43,0.5],"Button":[18.09,66.53,114.59,0.85098040103912],"SliderGrabActive":[0,0,0,0]}