{"ScrollbarGrab":[145.35,43.35,40.79,1],"FrameBgHoveredDisabled":[0.48,0.39,0.4,1],"TabActive":[87.85,255,233.93,0.50196081399918],"TabHovered":[128.61,142.85,36.81,1],"ScrollbarGrabActive":[145.35,43.35,40.79,1],"ButtonHovered":[81.61,91.42,24.07,1],"ChildBg":[15.3,10.19,15.3,0.9],"PlotHistogram":[0,0,0,0],"SliderGrabActive":[0,0,0,0],"ResizeGripActive":[190,220,14,1],"ModalWindowDimBg":[0,0,0,0],"FrameBg":[13.44,45.48,45.71,0.5],"MenuBarBg":[0,0,0,0],"ResizeGripHovered":[252,238,10,1],"PlotHistogramHovered":[0,0,0,0],"PlotLines":[0,0,0,0],"TitleBgActive":[136,207,150,0.50196081399918],"Text":[214.34,230.71,14.21,1],"FrameBgActive":[86,189,216,0.40000000596046],"TextSelectedBg":[0,0,0,0],"TabUnfocused":[0,0,0,0],"TabUnfocusedActive":[0,0,0,0],"ModalWindowDarkening":[0,0,0,0],"TitleBg":[15.28,10.18,15.28,0.80000001192093],"TitleBgCollapsed":[0,0,0,0.50196081399918],"NavHighlight":[0,0,0,0],"Tab":[86,189,216,0.40000000596046],"CheckMarkFalseDisabled":[0.48,0.39,0.4,1],"SliderGrab":[0,0,0,0],"ResizeGrip":[0,0,0,0],"PopupBg":[15.3,10.19,15.3,0.8],"SeparatorActive":[0.28,0.77,0.79,1],"DragDropTarget":[0,0,0,0],"Border":[86,189,216,0.40000000596046],"FrameBgHovered":[97.69,183.57,182.59,0.75],"PlotLinesHovered":[0,0,0,0],"Separator":[1,1,1,0.1],"HeaderHovered":[15.51,118.67,145.71,0.40000000596046],"NavWindowingHighlight":[0,0,0,0],"FrameBgDisabled":[0.48,0.39,0.4,1],"SeparatorHovered":[0.28,0.77,0.79,1],"CheckMarkTrueDisabled":[0.34,0.22,0.24,1],"CheckMark":[190,220,14,1],"ScrollbarGrabHovered":[145.35,43.35,40.79,1],"TextDisabled":[0.48,0.39,0.4,1],"HeaderActive":[136,207,150,0.50196081399918],"Button":[86,189,216,0.40000000596046],"ButtonActive":[190,220,14,1],"NavWindowingDimBg":[0,0,0,0],"DockingEmptyBg":[0,0,0,0],"WindowBg":[0,0,0,0.85000002384186],"TextColored":[86,189,216,1],"ScrollbarBg":[15.3,10.19,15.3,0],"Header":[86,189,216,0.40000000596046],"BorderShadow":[0,0,0,0],"FrameBgActiveDisabled":[0.48,0.39,0.4,1],"DockingPreview":[0,0,0,0]}